file,line,column,annotation
107_ruby_596/nenmatsuno_ichinichi.txt,15,4,「金＋肅」、第3水準1-93-39
107_ruby_596/nenmatsuno_ichinichi.txt,37,121,「金＋肅」、第3水準1-93-39
2369_ruby_1406/toyono_aki.txt,15,4,「均−土へん」、第3水準1-14-75
2369_ruby_1406/toyono_aki.txt,23,55,「均−土へん」、第3水準1-14-75
2369_ruby_1406/toyono_aki.txt,23,87,「均−土へん」、第3水準1-14-75
2369_ruby_1406/toyono_aki.txt,23,117,「均−土へん」、第3水準1-14-75
2369_ruby_1406/toyono_aki.txt,23,168,「均−土へん」、第3水準1-14-75
2369_ruby_1406/toyono_aki.txt,23,289,「均−土へん」、第3水準1-14-75
2369_ruby_1406/toyono_aki.txt,23,323,「均−土へん」、第3水準1-14-75
50_ruby_932/hoonki.txt,15,4,「てへん＋丑」、第4水準2-12-93
50_ruby_932/hoonki.txt,25,186,「てへん＋丑」、第4水準2-12-93
50_ruby_932/hoonki.txt,72,60,「目＋匡」、第3水準1-88-81
126_ruby_1296/otomino_teiso.txt,15,4,「勹＜夕」、第3水準1-14-76
126_ruby_1296/otomino_teiso.txt,20,66,「勹＜夕」、第3水準1-14-76
126_ruby_1296/otomino_teiso.txt,76,206,「てへん＋丑」、第4水準2-12-93
23_ruby_1254/basho_zakki.txt,15,4,「魚＋檀のつくり」、第3水準1-94-53
23_ruby_1254/basho_zakki.txt,249,4,「魚＋檀のつくり」、第3水準1-94-53
23_ruby_1254/basho_zakki.txt,261,5,「虫＋璃のつくり」、第3水準1-91-62
56033_ruby_50649/kurisumasu_ibu.txt,16,4,「廴＋囘」、第4水準2-12-11
56033_ruby_50649/kurisumasu_ibu.txt,34,576,「廴＋囘」、第4水準2-12-11
56033_ruby_50649/kurisumasu_ibu.txt,43,412,「廴＋囘」、第4水準2-12-11
56033_ruby_50649/kurisumasu_ibu.txt,46,65,「廴＋囘」、第4水準2-12-11
56033_ruby_50649/kurisumasu_ibu.txt,91,320,「廴＋囘」、第4水準2-12-11
45754_ruby_23695/ryoya.txt,15,4,「足へん＋宛」、第3水準1-92-36
45754_ruby_23695/ryoya.txt,23,1930,「足へん＋宛」、第3水準1-92-36
45754_ruby_23695/ryoya.txt,23,3043,「足へん＋宛」、第3水準1-92-36
37_ruby_1265/gesaku_zanmai.txt,15,4,「石＋薄」、第3水準1-89-18
37_ruby_1265/gesaku_zanmai.txt,175,69,「石＋薄」、第3水準1-89-18
37_ruby_1265/gesaku_zanmai.txt,246,163,「虫＋璃のつくり」、第3水準1-91-62
37_ruby_1265/gesaku_zanmai.txt,304,74,「兀＋王」、第3水準1-47-62
4281_ruby_5493/harunohino_sashita.txt,12,4,「言＋虚」、第4水準2-88-74
4281_ruby_5493/harunohino_sashita.txt,17,78,「言＋虚」、第4水準2-88-74
4281_ruby_5493/harunohino_sashita.txt,17,138,「言＋虚」、第4水準2-88-74
110_ruby_1195/nikko_shohin.txt,15,4,「火＋韋」、第3水準1-87-54
110_ruby_1195/nikko_shohin.txt,49,8,「火＋韋」、第3水準1-87-54
41_ruby_1553/haha.txt,15,4,「勹＜夕」、第3水準1-14-76
41_ruby_1553/haha.txt,124,13,「勹＜夕」、第3水準1-14-76
26_ruby_1441/bungeitekina_amarini.txt,15,4,「弓＋椁のつくり」、第3水準1-84-22
26_ruby_1441/bungeitekina_amarini.txt,36,644,「弓＋椁のつくり」、第3水準1-84-22
26_ruby_1441/bungeitekina_amarini.txt,70,239,「弓＋椁のつくり」、第3水準1-84-22
26_ruby_1441/bungeitekina_amarini.txt,324,172,「插」でつくりの縦棒が下に突き抜けている、第4水準2-13-28
76_ruby_940/kigu.txt,15,4,「禾＋槇のつくり」、第3水準1-89-46
76_ruby_940/kigu.txt,54,60,「禾＋槇のつくり」、第3水準1-89-46
76_ruby_940/kigu.txt,61,485,「勹＜夕」、第3水準1-14-76
76_ruby_940/kigu.txt,62,361,「土へん＋敦」、第3水準1-15-63
3795_ruby_27224/shokumotsutoshite.txt,12,6,「弓＋享」、第3水準1-84-22
3795_ruby_27224/shokumotsutoshite.txt,17,4,「弓＋享」、第3水準1-84-22
27_ruby_1126/bunsho.txt,15,4,「勹＜夕」、第3水準1-14-76
27_ruby_1126/bunsho.txt,55,66,「勹＜夕」、第3水準1-14-76
121_ruby_1285/onsen_dayori.txt,15,4,「勹＜夕」、第3水準1-14-76
121_ruby_1285/onsen_dayori.txt,30,558,「勹＜夕」、第3水準1-14-76
51_ruby_1134/fumihogo.txt,15,4,「言＋虚」、第4水準2-88-74
51_ruby_1134/fumihogo.txt,30,98,「言＋虚」、第4水準2-88-74
51_ruby_1134/fumihogo.txt,30,200,「弓＋椁のつくり」、第3水準1-84-22
3767_ruby_27191/antono_sho.txt,15,4,「王＋睿」、第3水準1-88-34
3767_ruby_27191/antono_sho.txt,26,9,「王＋睿」、第3水準1-88-34
3767_ruby_27191/antono_sho.txt,26,78,「插」でつくりの縦棒が下に突き抜けている、第4水準2-13-28
3767_ruby_27191/antono_sho.txt,33,46,「王＋睿」、第3水準1-88-34
3767_ruby_27191/antono_sho.txt,39,18,「てへん＋峠のつくり」、第3水準1-84-76
3767_ruby_27191/antono_sho.txt,39,196,「てへん＋峠のつくり」、第3水準1-84-76
141_ruby_314/saihono_hito.txt,15,4,「木＋解」、第3水準1-86-22
141_ruby_314/saihono_hito.txt,66,110,「木＋解」、第3水準1-86-22
141_ruby_314/saihono_hito.txt,66,182,「木＋解」、第3水準1-86-22
141_ruby_314/saihono_hito.txt,68,32,「木＋解」、第3水準1-86-22
141_ruby_314/saihono_hito.txt,101,345,「りっしんべん＋淌のつくり」、第3水準1-84-54
141_ruby_314/saihono_hito.txt,101,375,「りっしんべん＋兄」、第3水準1-84-45
141_ruby_314/saihono_hito.txt,125,211,「言＋墟のつくり」、第4水準2-88-74
91_ruby_975/kubigaochita_hanashi.txt,15,4,「木＋霸」、第3水準1-86-28
91_ruby_975/kubigaochita_hanashi.txt,26,307,「木＋霸」、第3水準1-86-28
91_ruby_975/kubigaochita_hanashi.txt,40,261,「條」の「木」に代えて「羽」の旧字体、第3水準1-90-31
91_ruby_975/kubigaochita_hanashi.txt,49,89,「瀬」の「束」に代えて「景」、第3水準1-87-32
165_ruby_829/futatsuno_tegami.txt,15,4,「木＋解」、第3水準1-86-22
165_ruby_829/futatsuno_tegami.txt,27,329,「木＋解」、第3水準1-86-22
165_ruby_829/futatsuno_tegami.txt,48,140,「勹＜夕」、第3水準1-14-76
159_ruby_960/shunkan.txt,15,4,「士／冖／石／木」、第4水準2-15-30
159_ruby_960/shunkan.txt,140,143,「士／冖／石／木」、第4水準2-15-30
17_ruby_377/anokorono_jibun.txt,15,4,「彳＋詆のつくり」、第3水準1-84-31
17_ruby_377/anokorono_jibun.txt,33,169,「彳＋詆のつくり」、第3水準1-84-31
17_ruby_377/anokorono_jibun.txt,41,757,「石＋薄」、第3水準1-89-18
17_ruby_377/anokorono_jibun.txt,63,118,「勹＜夕」、第3水準1-14-76
2692_ruby_26930/tabata_nikki.txt,15,4,「足へん＋卓」、第4水準2-89-35
2692_ruby_26930/tabata_nikki.txt,15,27,「厂＋萬」、第3水準1-14-84
2692_ruby_26930/tabata_nikki.txt,33,127,「足へん＋卓」、第4水準2-89-35
2692_ruby_26930/tabata_nikki.txt,33,150,「厂＋萬」、第3水準1-14-84
2692_ruby_26930/tabata_nikki.txt,33,231,「勹＜夕」、第3水準1-14-76
48_ruby_2345/honjoryogoku.txt,15,4,「鈞のつくり」、第3水準1-14-75
48_ruby_2345/honjoryogoku.txt,36,333,「鈞のつくり」、第3水準1-14-75
48_ruby_2345/honjoryogoku.txt,66,288,「さんずい＋元」、第3水準1-86-54
48_ruby_2345/honjoryogoku.txt,66,363,「さんずい＋元」、第3水準1-86-54
48_ruby_2345/honjoryogoku.txt,73,109,「鈞のつくり」、第3水準1-14-75
48_ruby_2345/honjoryogoku.txt,73,294,「飮のへん＋稻のつくり」、第4水準2-92-68
48_ruby_2345/honjoryogoku.txt,78,101,「鈞のつくり」、第3水準1-14-75
48_ruby_2345/honjoryogoku.txt,78,164,「鈞のつくり」、第3水準1-14-75
48_ruby_2345/honjoryogoku.txt,78,212,「鈞のつくり」、第3水準1-14-75
48_ruby_2345/honjoryogoku.txt,80,200,「鈞のつくり」、第3水準1-14-75
48_ruby_2345/honjoryogoku.txt,111,206,「鈞のつくり」、第3水準1-14-75
48_ruby_2345/honjoryogoku.txt,153,482,「鈞のつくり」、第3水準1-14-75
45761_ruby_38235/kappa.txt,15,4,感嘆符三つ、113-1
45761_ruby_38235/kappa.txt,65,10,感嘆符三つ、113-1
45761_ruby_38235/kappa.txt,66,11,感嘆符三つ、113-2
45761_ruby_38235/kappa.txt,68,16,感嘆符三つ、113-4
45761_ruby_38235/kappa.txt,147,30,「言＋墟のつくり」、第4水準2-88-74
45761_ruby_38235/kappa.txt,147,60,「言＋墟のつくり」、第4水準2-88-74
45761_ruby_38235/kappa.txt,147,129,「言＋墟のつくり」、第4水準2-88-74
45761_ruby_38235/kappa.txt,395,144,「言＋墟のつくり」、第4水準2-88-74
96_ruby_1207/matsue_inshoki.txt,11,8,「土へん＋逮のつくり」、第3水準1-15-50
96_ruby_1207/matsue_inshoki.txt,15,4,「土へん＋逮のつくり」、第3水準1-15-50
96_ruby_1207/matsue_inshoki.txt,22,517,「土へん＋逮のつくり」、第3水準1-15-50
64_ruby_1561/kage.txt,15,4,「均のつくり」、第3水準1-14-75
64_ruby_1561/kage.txt,20,76,「均のつくり」、第3水準1-14-75
64_ruby_1561/kage.txt,26,12,「均のつくり」、第3水準1-14-75
64_ruby_1561/kage.txt,39,18,「均のつくり」、第3水準1-14-75
64_ruby_1561/kage.txt,95,25,「均のつくり」、第3水準1-14-75
64_ruby_1561/kage.txt,100,116,「巾＋厨」、第4水準2-8-91
64_ruby_1561/kage.txt,137,169,「均のつくり」、第3水準1-14-75
64_ruby_1561/kage.txt,171,35,「巾＋厨」、第4水準2-8-91
61_ruby_2706/jigokuhen_shohan.txt,15,4,「勹＜夕」、第3水準1-14-76
61_ruby_2706/jigokuhen_shohan.txt,56,201,「勹＜夕」、第3水準1-14-76
61_ruby_2706/jigokuhen_shohan.txt,77,69,「儡のつくり／糸」、第3水準1-90-24
61_ruby_2706/jigokuhen_shohan.txt,99,134,「目＋匡」、第3水準1-88-81
61_ruby_2706/jigokuhen_shohan.txt,100,88,「勹＜夕」、第3水準1-14-76
61_ruby_2706/jigokuhen_shohan.txt,169,19,「藹」の「言」に代えて「月」、第3水準1-91-26
61_ruby_2706/jigokuhen_shohan.txt,169,263,「藹」の「言」に代えて「月」、第3水準1-91-26
61_ruby_2706/jigokuhen_shohan.txt,177,39,「藹」の「言」に代えて「月」、第3水準1-91-26
61_ruby_2706/jigokuhen_shohan.txt,186,175,「車＋（緋−糸）」、第4水準2-89-66
61_ruby_2706/jigokuhen_shohan.txt,197,24,「目＋旬」、第3水準1-88-80
61_ruby_2706/jigokuhen_shohan.txt,197,55,「目＋旬」、第3水準1-88-80
61_ruby_2706/jigokuhen_shohan.txt,197,90,「目＋句」、第4水準2-81-91
61_ruby_2706/jigokuhen_shohan.txt,200,112,「車＋（緋−糸）」、第4水準2-89-66
61_ruby_2706/jigokuhen_shohan.txt,200,156,「車＋因」、第4水準2-89-62
61_ruby_2706/jigokuhen_shohan.txt,212,172,「睹のつくり／火」、第3水準1-87-52
136_ruby_979/saigo_takamori.txt,15,4,「てへん＋丑」、第4水準2-12-93
136_ruby_979/saigo_takamori.txt,41,42,「てへん＋丑」、第4水準2-12-93
87_ruby_639/konanno_ogi.txt,15,4,「さんずい＋元」、第3水準1-86-54
87_ruby_639/konanno_ogi.txt,22,25,「さんずい＋元」、第3水準1-86-54
87_ruby_639/konanno_ogi.txt,24,2,「さんずい＋元」、第3水準1-86-54
87_ruby_639/konanno_ogi.txt,25,48,「さんずい＋元」、第3水準1-86-54
87_ruby_639/konanno_ogi.txt,64,40,「門＜豈」、第3水準1-93-55
87_ruby_639/konanno_ogi.txt,72,39,「てへん＋丑」、第4水準2-12-93
87_ruby_639/konanno_ogi.txt,81,56,「鈞のつくり」、第3水準1-14-75
87_ruby_639/konanno_ogi.txt,82,14,「てへん＋虜」の「田」に代えて「田の真ん中の横棒が横につきぬけたもの」、第3水準1-85-1
87_ruby_639/konanno_ogi.txt,110,17,「さんずい＋元」、第3水準1-86-54
87_ruby_639/konanno_ogi.txt,150,16,「鈞のつくり」、第3水準1-14-75
87_ruby_639/konanno_ogi.txt,165,28,「さんずい＋元」、第3水準1-86-54
87_ruby_639/konanno_ogi.txt,166,2,「さんずい＋元」、第3水準1-86-54
3774_ruby_27236/nipponshosetsuno_shinayaku.txt,15,6,「弓＋享」、第3水準1-84-22
3774_ruby_27236/nipponshosetsuno_shinayaku.txt,24,416,「弓＋享」、第3水準1-84-22
48284_ruby_32145/03nanshu_genshiroku.txt,17,4,「楫のつくり＋戈」、第3水準1-84-66
48284_ruby_32145/03nanshu_genshiroku.txt,86,149,「楫のつくり＋戈」、第3水準1-84-66
48284_ruby_32145/03nanshu_genshiroku.txt,134,11,「歹＋勿」、33-1
48284_ruby_32145/03nanshu_genshiroku.txt,134,167,「歹＋勿」、33-3
48284_ruby_32145/03nanshu_genshiroku.txt,136,7,「歹＋勿」、33-4
48284_ruby_32145/03nanshu_genshiroku.txt,136,200,「歹＋勿」、33-6
48284_ruby_32145/03nanshu_genshiroku.txt,142,111,「匚＜口」、第4水準2-3-67
48284_ruby_32145/03nanshu_genshiroku.txt,144,199,「匚＜口」、第4水準2-3-67
48284_ruby_32145/03nanshu_genshiroku.txt,254,146,「竹かんむり／束」、41-8
48284_ruby_32145/03nanshu_genshiroku.txt,274,204,「目＋癸」、第4水準2-82-11
48284_ruby_32145/03nanshu_genshiroku.txt,318,58,「りっしんべん＋易」、第3水準1-84-53
48284_ruby_32145/03nanshu_genshiroku.txt,318,140,「りっしんべん＋易」、第3水準1-84-53
48284_ruby_32145/03nanshu_genshiroku.txt,320,56,「りっしんべん＋易」、第3水準1-84-53
48284_ruby_32145/03nanshu_genshiroku.txt,320,137,「りっしんべん＋易」、第3水準1-84-53
48284_ruby_32145/03nanshu_genshiroku.txt,382,45,「罘」の「不」に代えて「圭」、第4水準2-84-77
48284_ruby_32145/03nanshu_genshiroku.txt,384,86,「罘」の「不」に代えて「圭」、第4水準2-84-77
48284_ruby_32145/03nanshu_genshiroku.txt,432,31,「圖」の「回」に代えて「面から一、二画目をとったもの」、52-8
48284_ruby_32145/03nanshu_genshiroku.txt,434,48,「圖」の「回」に代えて「面から一、二画目をとったもの」、52-12
48284_ruby_32145/03nanshu_genshiroku.txt,438,39,「さんずい＋晧」の「日」に代えて「白」、第3水準1-87-18
48284_ruby_32145/03nanshu_genshiroku.txt,440,84,「さんずい＋晧」の「日」に代えて「白」、第3水準1-87-18
48284_ruby_32145/03nanshu_genshiroku.txt,492,189,「にんべん＋就」、第3水準1-14-40
48284_ruby_32145/03nanshu_genshiroku.txt,516,80,「二点しんにょう＋台」、第3水準1-92-53
48284_ruby_32145/03nanshu_genshiroku.txt,518,86,「二点しんにょう＋台」、第3水準1-92-53
48284_ruby_32145/03nanshu_genshiroku.txt,673,145,「陷のつくり＋欠」、65-6
48284_ruby_32145/03nanshu_genshiroku.txt,689,28,「走にょう＋多」、66-3
48284_ruby_32145/03nanshu_genshiroku.txt,689,64,「くさかんむり／奔」、66-3
48284_ruby_32145/03nanshu_genshiroku.txt,691,54,「走にょう＋多」、66-5
48284_ruby_32145/03nanshu_genshiroku.txt,691,88,「くさかんむり／奔」、66-5
3788_ruby_27274/tozaimondo.txt,12,5,「田＋宛」、第3水準1-88-43
3788_ruby_27274/tozaimondo.txt,28,174,「田＋宛」、第3水準1-88-43
56820_ruby_60835/furansu_bungakuto_boku.txt,15,4,ローマ数字11、1-13-31
56820_ruby_60835/furansu_bungakuto_boku.txt,21,334,ローマ数字11、1-13-31
56820_ruby_60835/furansu_bungakuto_boku.txt,21,696,「石＋（くさかんむり／溥）」、第3水準1-89-18
3803_ruby_27208/kyoto_nikki.txt,15,4,「均のつくり」、第3水準1-14-75
3803_ruby_27208/kyoto_nikki.txt,40,79,「均のつくり」、第3水準1-14-75
40_ruby_310/haguruma.txt,15,4,「言＋墟のつくり」、第4水準2-88-74
40_ruby_310/haguruma.txt,60,25,「言＋墟のつくり」、第4水準2-88-74
40_ruby_310/haguruma.txt,60,68,「言＋墟のつくり」、第4水準2-88-74
40_ruby_310/haguruma.txt,120,88,「言＋墟のつくり」、第4水準2-88-74
40_ruby_310/haguruma.txt,134,342,「勹＜夕」、第3水準1-14-76
40_ruby_310/haguruma.txt,139,2,「言＋墟のつくり」、第4水準2-88-74
40_ruby_310/haguruma.txt,196,6,「鼬」の「由」に代えて「晏」、第3水準1-94-84
40_ruby_310/haguruma.txt,201,20,「鼬」の「由」に代えて「晏」、第3水準1-94-84
40_ruby_310/haguruma.txt,282,330,「鼬」の「由」に代えて「晏」、第3水準1-94-84
40_ruby_310/haguruma.txt,284,57,「目＋匡」、第3水準1-88-81
39_ruby_881/giwaku.txt,15,4,「火＋主」、第3水準1-87-40
39_ruby_881/giwaku.txt,20,337,「火＋主」、第3水準1-87-40
39_ruby_881/giwaku.txt,20,373,「均のつくり」、第3水準1-14-75
39_ruby_881/giwaku.txt,62,1058,「均のつくり」、第3水準1-14-75
3807_ruby_27232/tokyoshohin.txt,15,4,「均のつくり」、第3水準1-14-75
3807_ruby_27232/tokyoshohin.txt,30,102,「均のつくり」、第3水準1-14-75
3807_ruby_27232/tokyoshohin.txt,33,85,「女＋尾」、第3水準1-15-81
129_ruby_1142/aruren'ai_shosetsu.txt,16,4,「景＋頁」、第3水準1-94-5
129_ruby_1142/aruren'ai_shosetsu.txt,55,142,「景＋頁」、第3水準1-94-5
51215_ruby_56333/shanhai_yuki.txt,15,4,「言＋墟のつくり」、第4水準2-88-74
51215_ruby_56333/shanhai_yuki.txt,81,386,「言＋墟のつくり」、第4水準2-88-74
51215_ruby_56333/shanhai_yuki.txt,111,256,「馬＋留」、第3水準1-94-16
51215_ruby_56333/shanhai_yuki.txt,111,575,「ころもへん＋庫」、第3水準1-91-85
51215_ruby_56333/shanhai_yuki.txt,154,4,「言＋墟のつくり」、第4水準2-88-74
51215_ruby_56333/shanhai_yuki.txt,166,268,「言＋墟のつくり」、第4水準2-88-74
51215_ruby_56333/shanhai_yuki.txt,174,400,「さんずい＋（匚＜隹）」、第4水準2-79-7
51215_ruby_56333/shanhai_yuki.txt,186,201,「王＋攵」、第3水準1-87-88
51215_ruby_56333/shanhai_yuki.txt,187,31,「門＜虫」、第3水準1-93-49
51215_ruby_56333/shanhai_yuki.txt,190,130,「ころもへん＋庫」、第3水準1-91-85
51215_ruby_56333/shanhai_yuki.txt,198,212,「言＋墟のつくり」、第4水準2-88-74
51215_ruby_56333/shanhai_yuki.txt,198,340,「ころもへん＋庫」、第3水準1-91-85
51215_ruby_56333/shanhai_yuki.txt,214,347,「身＋單」、U+8EC3、56-1
51215_ruby_56333/shanhai_yuki.txt,214,468,「日＋向」、第3水準1-85-25
51215_ruby_56333/shanhai_yuki.txt,216,149,「言＋墟のつくり」、第4水準2-88-74
51215_ruby_56333/shanhai_yuki.txt,258,20,「さんずい＋（匚＜隹）」、第4水準2-79-7
51215_ruby_56333/shanhai_yuki.txt,325,304,「女＋非」、U+5A54、70-1
3811_ruby_27242/pastel_no_ryu.txt,15,4,「ころもへん＋庫」、第3水準1-91-85
3811_ruby_27242/pastel_no_ryu.txt,67,67,「ころもへん＋庫」、第3水準1-91-85
93_ruby_2011/kyokazenshu_mokuroku.txt,15,4,「警」の「言」に代えて「手」、第3水準1-84-92
93_ruby_2011/kyokazenshu_mokuroku.txt,19,348,「警」の「言」に代えて「手」、第3水準1-84-92
93_ruby_2011/kyokazenshu_mokuroku.txt,21,71,「言＋剪」、第4水準2-88-73
85_ruby_991/kokui_seibo.txt,14,4,「虫＋車」、第3水準1-91-55
85_ruby_991/kokui_seibo.txt,47,180,「虫＋車」、第3水準1-91-55
120_ruby_1011/onna.txt,15,4,「てへん＋丑」、第4水準2-12-93
120_ruby_1011/onna.txt,28,92,「てへん＋丑」、第4水準2-12-93
120_ruby_1011/onna.txt,28,131,「均のつくり」、第3水準1-14-75
120_ruby_1011/onna.txt,33,117,「均のつくり」、第3水準1-14-75
120_ruby_1011/onna.txt,34,127,「均のつくり」、第3水準1-14-75
78_ruby_1138/kin_shogun.txt,15,4,「木＋霸」、第3水準1-86-28
78_ruby_1138/kin_shogun.txt,23,34,「木＋霸」、第3水準1-86-28
78_ruby_1138/kin_shogun.txt,31,116,「王へん＋攵」、第3水準1-87-88
150_ruby_1239/sogiki.txt,12,4,「碌のつくり」、第3水準1-84-27
150_ruby_1239/sogiki.txt,31,13,「碌のつくり」、第3水準1-84-27
150_ruby_1239/sogiki.txt,33,66,「目＋匡」、第3水準1-88-81
56078_ruby_51155/ekiden_basha.txt,13,4,「插」でつくりの縦棒が下に突き抜けている、第4水準2-13-28
56078_ruby_51155/ekiden_basha.txt,27,161,「插」でつくりの縦棒が下に突き抜けている、第4水準2-13-28
56078_ruby_51155/ekiden_basha.txt,28,246,「插」でつくりの縦棒が下に突き抜けている、第4水準2-13-28
56078_ruby_51155/ekiden_basha.txt,30,739,「韋＋備のつくり」、第3水準1-93-84
175_ruby_1121/umino_hotori.txt,15,4,「言＋墟のつくり」、第4水準2-88-74
175_ruby_1121/umino_hotori.txt,66,2,「言＋墟のつくり」、第4水準2-88-74
3822_ruby_27253/futarino_tomo.txt,15,4,「亡＋おおざと」、第3水準1-92-61
3822_ruby_27253/futarino_tomo.txt,26,166,「亡＋おおざと」、第3水準1-92-61
3793_ruby_27227/sonokorono_akamonseikatsu.txt,15,4,「女＋尾」、第3水準1-15-81
3793_ruby_27227/sonokorono_akamonseikatsu.txt,25,54,「女＋尾」、第3水準1-15-81
60357_ruby_75861/shin_urashima.txt,17,4,「にんべん＋福のつくり」、第4水準2-1-70
60357_ruby_75861/shin_urashima.txt,37,25,「にんべん＋福のつくり」、第4水準2-1-70
60357_ruby_75861/shin_urashima.txt,42,38,「言＋墟のつくり」、第4水準2-88-74
60357_ruby_75861/shin_urashima.txt,45,81,「金＋肅」、第3水準1-93-39
60357_ruby_75861/shin_urashima.txt,50,182,「口＋奧」、U+5662、77-下-14
60357_ruby_75861/shin_urashima.txt,50,206,「口＋休」、U+54BB、77-下-14
60357_ruby_75861/shin_urashima.txt,53,35,「金＋肅」、第3水準1-93-39
60357_ruby_75861/shin_urashima.txt,63,308,「口＋耳」、第3水準1-14-94
60357_ruby_75861/shin_urashima.txt,63,470,「月＋亨」、81-下-12
31_ruby_584/chuto.txt,15,4,「條」の「木」に代えて「栩のつくり」、第3水準1-90-31
31_ruby_584/chuto.txt,52,67,「條」の「木」に代えて「栩のつくり」、第3水準1-90-31
31_ruby_584/chuto.txt,133,9,「女＋尾」、第3水準1-15-81
31_ruby_584/chuto.txt,342,135,「勹＜夕」、第3水準1-14-76
31_ruby_584/chuto.txt,356,450,「竹かんむり／祿」、第3水準1-89-76
31_ruby_584/chuto.txt,401,339,「けものへん＋言」、第4水準2-80-36
31_ruby_584/chuto.txt,488,146,「目＋匡」、第3水準1-88-81
38_ruby_3638/gesaku_zanmai_shinkana.txt,15,4,「てへん＋発」、129-上段-3
38_ruby_3638/gesaku_zanmai_shinkana.txt,89,73,「てへん＋発」、129-上段-3
38_ruby_3638/gesaku_zanmai_shinkana.txt,175,69,「石＋薄」、第3水準1-89-18
38_ruby_3638/gesaku_zanmai_shinkana.txt,246,159,「虫＋璃のつくり」、第3水準1-91-62
38_ruby_3638/gesaku_zanmai_shinkana.txt,306,84,「兀＋王」、第3水準1-47-62
79_ruby_381/kirishitohoro_shoninden.txt,15,4,「勹＜夕」、第3水準1-14-76
79_ruby_381/kirishitohoro_shoninden.txt,50,20,「勹＜夕」、第3水準1-14-76
3779_ruby_27213/saino_ikkonarumo.txt,15,5,「火＋韋」、第3水準1-87-54
3779_ruby_27213/saino_ikkonarumo.txt,25,19,「火＋韋」、第3水準1-87-54
154_ruby_956/sutego.txt,15,4,「勹＜夕」、第3水準1-14-76
154_ruby_956/sutego.txt,27,57,「勹＜夕」、第3水準1-14-76
158_ruby_1243/shujuno_kotoba.txt,15,6,「弓＋椁のつくり」、第3水準1-84-22
158_ruby_1243/shujuno_kotoba.txt,527,242,「弓＋椁のつくり」、第3水準1-84-22
158_ruby_1243/shujuno_kotoba.txt,574,4,「言＋墟のつくり」、第4水準2-88-74
158_ruby_1243/shujuno_kotoba.txt,576,80,「言＋墟のつくり」、第4水準2-88-74
158_ruby_1243/shujuno_kotoba.txt,576,115,「言＋墟のつくり」、第4水準2-88-74
158_ruby_1243/shujuno_kotoba.txt,580,38,「言＋墟のつくり」、第4水準2-88-74
158_ruby_1243/shujuno_kotoba.txt,612,7,「言＋墟のつくり」、第4水準2-88-74
158_ruby_1243/shujuno_kotoba.txt,612,59,「言＋墟のつくり」、第4水準2-88-74
158_ruby_1243/shujuno_kotoba.txt,612,108,「言＋墟のつくり」、第4水準2-88-74
158_ruby_1243/shujuno_kotoba.txt,616,24,「言＋墟のつくり」、第4水準2-88-74
158_ruby_1243/shujuno_kotoba.txt,616,97,「言＋墟のつくり」、第4水準2-88-74
158_ruby_1243/shujuno_kotoba.txt,616,128,「言＋墟のつくり」、第4水準2-88-74
158_ruby_1243/shujuno_kotoba.txt,620,19,「言＋墟のつくり」、第4水準2-88-74
158_ruby_1243/shujuno_kotoba.txt,958,39,「言＋墟のつくり」、第4水準2-88-74
158_ruby_1243/shujuno_kotoba.txt,958,86,「言＋墟のつくり」、第4水準2-88-74
158_ruby_1243/shujuno_kotoba.txt,958,139,「言＋墟のつくり」、第4水準2-88-74
158_ruby_1243/shujuno_kotoba.txt,1091,22,「言＋墟のつくり」、第4水準2-88-74
158_ruby_1243/shujuno_kotoba.txt,1091,82,「言＋墟のつくり」、第4水準2-88-74
158_ruby_1243/shujuno_kotoba.txt,1131,9,「言＋墟のつくり」、第4水準2-88-74
158_ruby_1243/shujuno_kotoba.txt,1131,74,「言＋墟のつくり」、第4水準2-88-74
158_ruby_1243/shujuno_kotoba.txt,1163,29,「言＋墟のつくり」、第4水準2-88-74
158_ruby_1243/shujuno_kotoba.txt,1163,73,「言＋墟のつくり」、第4水準2-88-74
142_ruby_249/seinento_shi.txt,15,4,「勹＜夕」、第3水準1-14-76
3772_ruby_27203/gakko_tomodachi.txt,15,4,「さんずい＋方」、220-上-12
3772_ruby_27203/gakko_tomodachi.txt,19,183,「さんずい＋方」、220-上-12
3738_ruby_27212/kottokan.txt,16,4,「插」でつくりの縦棒が下に突き抜けている、第4水準2-13-28
3738_ruby_27212/kottokan.txt,26,67,「插」でつくりの縦棒が下に突き抜けている、第4水準2-13-28
3738_ruby_27212/kottokan.txt,30,9,「行がまえ＜干」、69-上-16
3738_ruby_27212/kottokan.txt,30,330,「行がまえ＜干」、69-下-4
3738_ruby_27212/kottokan.txt,30,392,「行がまえ＜干」、69-下-5
3738_ruby_27212/kottokan.txt,34,98,「口＋弗」、第3水準1-14-92
3738_ruby_27212/kottokan.txt,50,421,「にんべん＋娉のつくり」、71-上-5
3738_ruby_27212/kottokan.txt,67,288,「てへん＋蜀」、71-下-22
3738_ruby_27212/kottokan.txt,107,125,「口＋會」、第3水準1-15-25
3738_ruby_27212/kottokan.txt,127,204,「鹿／章」、第3水準1-94-75
3738_ruby_27212/kottokan.txt,127,281,「鹿／章」、第3水準1-94-75
3738_ruby_27212/kottokan.txt,159,61,「女＋堯」、第4水準2-5-82
3738_ruby_27212/kottokan.txt,163,399,「足へん＋廚」、79-上-3
3738_ruby_27212/kottokan.txt,169,121,「插」でつくりの縦棒が下に突き抜けている、第4水準2-13-28
3738_ruby_27212/kottokan.txt,169,308,「插」でつくりの縦棒が下に突き抜けている、第4水準2-13-28
3738_ruby_27212/kottokan.txt,181,277,「厥＋りっとう」、第4水準2-3-30
176_ruby_761/un.txt,15,4,「廛＋おおざと」、第3水準1-92-84
176_ruby_761/un.txt,42,21,「廛＋おおざと」、第3水準1-92-84
162_ruby_1966/shuzanzu.txt,15,4,「りっしんべん＋軍」、第4水準2-12-56
162_ruby_1966/shuzanzu.txt,19,46,「りっしんべん＋軍」、第4水準2-12-56
162_ruby_1966/shuzanzu.txt,21,79,「りっしんべん＋軍」、第4水準2-12-56
162_ruby_1966/shuzanzu.txt,24,2,「りっしんべん＋軍」、第4水準2-12-56
162_ruby_1966/shuzanzu.txt,30,2,「りっしんべん＋軍」、第4水準2-12-56
162_ruby_1966/shuzanzu.txt,46,173,「石＋朱」、第3水準1-89-1
162_ruby_1966/shuzanzu.txt,64,26,「糸＋貴」、174-下-19
162_ruby_1966/shuzanzu.txt,65,65,「士／冖／石／木」、第4水準2-15-30
162_ruby_1966/shuzanzu.txt,72,2,「りっしんべん＋軍」、第4水準2-12-56
162_ruby_1966/shuzanzu.txt,76,20,「女＋尾」、第3水準1-15-81
162_ruby_1966/shuzanzu.txt,85,589,「門＜昌」、第3水準1-93-51
162_ruby_1966/shuzanzu.txt,129,2,「りっしんべん＋軍」、第4水準2-12-56
162_ruby_1966/shuzanzu.txt,132,12,「石＋朱」、第3水準1-89-1
162_ruby_1966/shuzanzu.txt,134,2,「りっしんべん＋軍」、第4水準2-12-56
3742_ruby_27218/shinano_e.txt,15,6,「王＋深のつくり」、第3水準1-88-4
3742_ruby_27218/shinano_e.txt,22,91,「王＋深のつくり」、第3水準1-88-4
15_ruby_904/agunino_kami.txt,15,4,「勹＜夕」、第3水準1-14-76
15_ruby_904/agunino_kami.txt,61,110,「勹＜夕」、第3水準1-14-76
54333_ruby_67471/shokuhin_no_mazemono_shori.txt,13,4,ローマ数字4小文字、1-12-24
54333_ruby_67471/shokuhin_no_mazemono_shori.txt,238,275,ローマ数字4小文字、1-12-24
54333_ruby_67471/shokuhin_no_mazemono_shori.txt,478,217,ローマ数字3、1-13-23
54333_ruby_67471/shokuhin_no_mazemono_shori.txt,703,22,ローマ数字2小文字、1-12-22
46511_ruby_25555/ippenno_ishi.txt,12,5,「示＋古」、第3水準1-89-26
46511_ruby_25555/ippenno_ishi.txt,17,11,「示＋古」、第3水準1-89-26
46511_ruby_25555/ippenno_ishi.txt,17,122,「山＋見」、第3水準1-47-77
46511_ruby_25555/ippenno_ishi.txt,18,25,「示＋古」、第3水準1-89-26
46511_ruby_25555/ippenno_ishi.txt,18,139,「示＋古」、第3水準1-89-26
46511_ruby_25555/ippenno_ishi.txt,18,235,「山＋見」、第3水準1-47-77
46511_ruby_25555/ippenno_ishi.txt,19,53,「山＋見」、第3水準1-47-77
46511_ruby_25555/ippenno_ishi.txt,19,88,「示＋古」、第3水準1-89-26
46511_ruby_25555/ippenno_ishi.txt,30,34,「示＋古」、第3水準1-89-26
46511_ruby_25555/ippenno_ishi.txt,33,1,「山＋見」、第3水準1-47-77
46511_ruby_25555/ippenno_ishi.txt,48,5,「山＋見」、第3水準1-47-77
46511_ruby_25555/ippenno_ishi.txt,51,204,「二点しんにょう＋隣のつくり」、105-8
46511_ruby_25555/ippenno_ishi.txt,52,95,「示＋古」、第3水準1-89-26
46511_ruby_25555/ippenno_ishi.txt,52,120,「山＋見」、第3水準1-47-77
46511_ruby_25555/ippenno_ishi.txt,53,3,「示＋古」、第3水準1-89-26
66_ruby_400/kaikano_satsujin.txt,15,5,「木＋龍」、第4水準2-15-78
66_ruby_400/kaikano_satsujin.txt,32,230,「木＋龍」、第4水準2-15-78
66_ruby_400/kaikano_satsujin.txt,34,322,「壘」の「土」に代えて「糸」、第3水準1-90-24
66_ruby_400/kaikano_satsujin.txt,38,140,「勹＜夕」、第3水準1-14-76
60_ruby_821/jigokuhen_shinji.txt,15,4,「儡のつくり／糸」、第3水準1-90-24
60_ruby_821/jigokuhen_shinji.txt,77,74,「儡のつくり／糸」、第3水準1-90-24
60_ruby_821/jigokuhen_shinji.txt,99,143,「目＋匡」、第3水準1-88-81
60_ruby_821/jigokuhen_shinji.txt,169,19,「藹」の「言」に代えて「月」、第3水準1-91-26
60_ruby_821/jigokuhen_shinji.txt,169,257,「藹」の「言」に代えて「月」、第3水準1-91-26
60_ruby_821/jigokuhen_shinji.txt,177,33,「藹」の「言」に代えて「月」、第3水準1-91-26
60_ruby_821/jigokuhen_shinji.txt,186,179,「車＋非」、第4水準2-89-66
60_ruby_821/jigokuhen_shinji.txt,197,24,「目＋旬」、第3水準1-88-80
60_ruby_821/jigokuhen_shinji.txt,200,117,「車＋非」、第4水準2-89-66
60_ruby_821/jigokuhen_shinji.txt,200,157,「車＋因」、第4水準2-89-62
1126_ruby_14122/mittsuno_takara.txt,15,4,疑問符感嘆符、1-8-77
1126_ruby_14122/mittsuno_takara.txt,90,16,疑問符感嘆符、1-8-77
1126_ruby_14122/mittsuno_takara.txt,94,18,疑問符感嘆符、1-8-77
1126_ruby_14122/mittsuno_takara.txt,94,40,疑問符感嘆符、1-8-77
1126_ruby_14122/mittsuno_takara.txt,94,65,疑問符感嘆符、1-8-77
51217_ruby_55978/pekin_nikki_sho.txt,15,4,「言＋墟のつくり」、第4水準2-88-74
51217_ruby_55978/pekin_nikki_sho.txt,24,308,「言＋墟のつくり」、第4水準2-88-74
51217_ruby_55978/pekin_nikki_sho.txt,38,126,「王＋攵」、第3水準1-87-88
51217_ruby_55978/pekin_nikki_sho.txt,39,68,「孑＋子」、第3水準1-47-54
51217_ruby_55978/pekin_nikki_sho.txt,40,23,「王＋攵」、第3水準1-87-88
51217_ruby_55978/pekin_nikki_sho.txt,44,531,「酉＋它」、第4水準2-90-34
51217_ruby_55978/pekin_nikki_sho.txt,49,633,「木＋邦」、U+6886、191-7
51217_ruby_55978/pekin_nikki_sho.txt,58,3,「竹かんむり／（土へん＋鈞のつくり）」、第3水準1-89-63
51217_ruby_55978/pekin_nikki_sho.txt,60,2,「穴かんむり／缶」、U+7A91、193-8
115_ruby_592/ogata_ryosai.txt,15,4,「勹＜夕」、第3水準1-14-76
115_ruby_592/ogata_ryosai.txt,23,938,「勹＜夕」、第3水準1-14-76
157_ruby_1508/sobyo_sandai.txt,15,4,「奚＋隹」、第3水準1-93-66
157_ruby_1508/sobyo_sandai.txt,35,225,「奚＋隹」、第3水準1-93-66
83_ruby_260/kodokujigoku.txt,15,4,「勹＜夕」、第3水準1-14-76
83_ruby_260/kodokujigoku.txt,24,132,「勹＜夕」、第3水準1-14-76
20_ruby_302/aru_kyuyue_okuru.txt,15,4,始め二重括弧、1-2-54
20_ruby_302/aru_kyuyue_okuru.txt,23,142,始め二重括弧、1-2-54
20_ruby_302/aru_kyuyue_okuru.txt,23,349,終わり二重括弧、1-2-55
16033_ruby_33096/hekiken.txt,15,4,「石＋（くさかんむり／溥）」、第3水準1-89-18
16033_ruby_33096/hekiken.txt,59,190,「石＋（くさかんむり／溥）」、第3水準1-89-18
16033_ruby_33096/hekiken.txt,70,497,「りっしんべん＋淌のつくり」、第3水準1-84-54
16033_ruby_33096/hekiken.txt,70,527,「りっしんべん＋兄」、第3水準1-84-45
16033_ruby_33096/hekiken.txt,83,269,「龍／共」、第3水準1-94-87
16033_ruby_33096/hekiken.txt,99,143,「石＋（くさかんむり／溥）」、第3水準1-89-18
16033_ruby_33096/hekiken.txt,107,70,「口＋荅」、第4水準2-4-16
90_ruby_1292/koshoku.txt,15,4,「りっしんべん＋淌のつくり」、第3水準1-84-54
90_ruby_1292/koshoku.txt,35,462,「りっしんべん＋淌のつくり」、第3水準1-84-54
90_ruby_1292/koshoku.txt,35,492,「りっしんべん＋兄」、第3水準1-84-45
90_ruby_1292/koshoku.txt,43,221,「車＋非」、第4水準2-89-66
90_ruby_1292/koshoku.txt,56,12,「勹＜夕」、第3水準1-14-76
90_ruby_1292/koshoku.txt,159,93,「女＋展」、180-下-14
104_ruby_1361/nagasaki_shohin.txt,15,4,「言＋虚」、第4水準2-88-74
104_ruby_1361/nagasaki_shohin.txt,23,49,「言＋虚」、第4水準2-88-74
104_ruby_1361/nagasaki_shohin.txt,23,77,「言＋虚」、第4水準2-88-74
3775_ruby_27239/nenniwa_nen'o_irecho.txt,15,5,「門＜韋」、第4水準2-91-59
3775_ruby_27239/nenniwa_nen'o_irecho.txt,19,174,「門＜韋」、第4水準2-91-59
3783_ruby_27258/honyaku_shohin.txt,15,4,「插」でつくりの縦棒が下に突き抜けている、第4水準2-13-28
3783_ruby_27258/honyaku_shohin.txt,38,38,「插」でつくりの縦棒が下に突き抜けている、第4水準2-13-28
3826_ruby_27199/onigokko.txt,12,4,「均のつくり」、第3水準1-14-75
3826_ruby_27199/onigokko.txt,19,86,「均のつくり」、第3水準1-14-75
156_ruby_1221/shogun.txt,15,4,「にんべん＋爾」、第3水準1-14-45
156_ruby_1221/shogun.txt,143,2,「にんべん＋爾」、第3水準1-14-45
156_ruby_1221/shogun.txt,145,2,「にんべん＋爾」、第3水準1-14-45
156_ruby_1221/shogun.txt,148,2,「にんべん＋爾」、第3水準1-14-45
156_ruby_1221/shogun.txt,178,24,「木＋覇」、第4水準2-15-85
156_ruby_1221/shogun.txt,289,5,「木＋孛」、第3水準1-85-67
3764_ruby_27200/kaicho.txt,15,4,「言＋墟のつくり」、第4水準2-88-74
3764_ruby_27200/kaicho.txt,24,550,「言＋墟のつくり」、第4水準2-88-74
3764_ruby_27200/kaicho.txt,35,70,「弓＋享」、第3水準1-84-22
42377_ruby_34744/haguruma.txt,15,4,「言＋墟のつくり」、第4水準2-88-74
42377_ruby_34744/haguruma.txt,60,20,「言＋墟のつくり」、第4水準2-88-74
42377_ruby_34744/haguruma.txt,60,63,「言＋墟のつくり」、第4水準2-88-74
42377_ruby_34744/haguruma.txt,120,87,「言＋墟のつくり」、第4水準2-88-74
42377_ruby_34744/haguruma.txt,134,355,「勹＜夕」、第3水準1-14-76
42377_ruby_34744/haguruma.txt,139,2,「言＋墟のつくり」、第4水準2-88-74
42377_ruby_34744/haguruma.txt,196,6,「鼬」の「由」に代えて「晏」、第3水準1-94-84
42377_ruby_34744/haguruma.txt,201,19,「鼬」の「由」に代えて「晏」、第3水準1-94-84
42377_ruby_34744/haguruma.txt,282,323,「鼬」の「由」に代えて「晏」、第3水準1-94-84
42377_ruby_34744/haguruma.txt,284,57,「目＋匡」、第3水準1-88-81
2367_ruby_1398/haruno_yowa.txt,12,4,「均−土へん」、第3水準1-14-75
2367_ruby_1398/haruno_yowa.txt,17,44,「鈞のつくり」、第3水準1-14-75
2367_ruby_1398/haruno_yowa.txt,17,94,「鈞のつくり」、第3水準1-14-75
2367_ruby_1398/haruno_yowa.txt,40,62,「奚＋隹」、第3水準1-93-66
2367_ruby_1398/haruno_yowa.txt,52,143,「鈞のつくり」、第3水準1-14-75
24_ruby_877/biseino_shin.txt,15,4,「均のつくり」、第3水準1-14-75
24_ruby_877/biseino_shin.txt,26,99,「均のつくり」、第3水準1-14-75
24_ruby_877/biseino_shin.txt,26,130,「均のつくり」、第3水準1-14-75
24_ruby_877/biseino_shin.txt,34,150,「均のつくり」、第3水準1-14-75
24_ruby_877/biseino_shin.txt,34,184,「均のつくり」、第3水準1-14-75
47032_ruby_31251/sumidano_haru.txt,15,4,「言＋墟のつくり」、第4水準2-88-74
47032_ruby_31251/sumidano_haru.txt,35,34,「言＋墟のつくり」、第4水準2-88-74
47032_ruby_31251/sumidano_haru.txt,39,15,「さんずい＋（壥−土へん−厂）」、第3水準1-87-25
47032_ruby_31251/sumidano_haru.txt,43,764,「筑」の「凡」に代えて「おおざと」、第3水準1-89-61
59_ruby_849/jashumon.txt,15,4,「均−土」、第3水準1-14-75
59_ruby_849/jashumon.txt,25,727,「均−土」、第3水準1-14-75
59_ruby_849/jashumon.txt,57,119,「均−土」、第3水準1-14-75
59_ruby_849/jashumon.txt,73,163,「目＋匡」、第3水準1-88-81
59_ruby_849/jashumon.txt,89,241,「均−土」、第3水準1-14-75
59_ruby_849/jashumon.txt,122,291,「勹＜夕」、第3水準1-14-76
59_ruby_849/jashumon.txt,133,130,「均−土」、第3水準1-14-75
59_ruby_849/jashumon.txt,134,150,「革＋橿のつくり」、第3水準1-93-81
59_ruby_849/jashumon.txt,170,261,「革＋橿のつくり」、第3水準1-93-81
59_ruby_849/jashumon.txt,177,90,「勹＜夕」、第3水準1-14-76
59_ruby_849/jashumon.txt,184,84,「均−土」、第3水準1-14-75
59_ruby_849/jashumon.txt,190,114,「均−土」、第3水準1-14-75
59_ruby_849/jashumon.txt,195,250,「均−土」、第3水準1-14-75
59_ruby_849/jashumon.txt,219,343,「均−土」、第3水準1-14-75
59_ruby_849/jashumon.txt,325,32,「勹＜夕」、第3水準1-14-76
59_ruby_849/jashumon.txt,350,64,「勹＜夕」、第3水準1-14-76
59_ruby_849/jashumon.txt,355,156,「勹＜夕」、第3水準1-14-76
155_ruby_1146/shonen.txt,15,4,「魚＋粫のつくり」、第3水準1-94-40
155_ruby_1146/shonen.txt,86,96,「魚＋粫のつくり」、第3水準1-94-40
155_ruby_1146/shonen.txt,112,185,「りっしんべん＋淌のつくり」、第3水準1-84-54
155_ruby_1146/shonen.txt,114,5,「勹＜夕」、第3水準1-14-76
155_ruby_1146/shonen.txt,174,30,「言＋虚」、第4水準2-88-74
155_ruby_1146/shonen.txt,178,55,「言＋虚」、第4水準2-88-74
3801_ruby_27221/jozetsu.txt,15,4,「均のつくり」、第3水準1-14-75
3801_ruby_27221/jozetsu.txt,41,96,「均のつくり」、第3水準1-14-75
3780_ruby_27248/byoshozakki.txt,15,4,「勹＜夕」、第3水準1-14-76
3780_ruby_27248/byoshozakki.txt,15,25,「勹＜夕」、第3水準1-14-76
3780_ruby_27248/byoshozakki.txt,19,68,「勹＜夕」、第3水準1-14-76
3780_ruby_27248/byoshozakki.txt,19,89,「勹＜夕」、第3水準1-14-76
24453_ruby_46814/mikan.txt,15,4,「鈞のつくり」、第3水準1-14-75
24453_ruby_46814/mikan.txt,22,1536,「鈞のつくり」、第3水準1-14-75
24453_ruby_46814/mikan.txt,22,1574,「鈞のつくり」、第3水準1-14-75
24453_ruby_46814/mikan.txt,22,1609,「鈞のつくり」、第3水準1-14-75
19_ruby_306/aru_ahono_issho.txt,15,4,「木＋解」、第3水準1-86-22
19_ruby_306/aru_ahono_issho.txt,95,7,「木＋解」、第3水準1-86-22
19_ruby_306/aru_ahono_issho.txt,95,48,「木＋解」、第3水準1-86-22
19_ruby_306/aru_ahono_issho.txt,117,16,「勹＜夕」、第3水準1-14-76
19_ruby_306/aru_ahono_issho.txt,155,9,「插」でつくりの縦棒が下に突き抜けている、第4水準2-13-28
19_ruby_306/aru_ahono_issho.txt,173,173,「言＋墟のつくり」、第4水準2-88-74
19_ruby_306/aru_ahono_issho.txt,314,10,「言＋墟のつくり」、第4水準2-88-74
19_ruby_306/aru_ahono_issho.txt,316,156,「言＋墟のつくり」、第4水準2-88-74
77_ruby_944/kikaina_saikai.txt,15,4,「勹＜夕」、第3水準1-14-76
77_ruby_944/kikaina_saikai.txt,98,49,「勹＜夕」、第3水準1-14-76
77_ruby_944/kikaina_saikai.txt,233,72,「勹＜夕」、第3水準1-14-76
77_ruby_944/kikaina_saikai.txt,324,38,「均のつくり」、第3水準1-14-75
77_ruby_944/kikaina_saikai.txt,324,84,「均のつくり」、第3水準1-14-75
77_ruby_944/kikaina_saikai.txt,395,6,「くさかんむり／惠」、第3水準1-91-24
77_ruby_944/kikaina_saikai.txt,399,23,「くさかんむり／惠」、第3水準1-91-24
77_ruby_944/kikaina_saikai.txt,401,93,「くさかんむり／惠」、第3水準1-91-24
4275_ruby_5486/baikani_taisuru.txt,13,4,「木＋厥」、第3水準1-86-15
4275_ruby_5486/baikani_taisuru.txt,26,354,「木＋厥」、第3水準1-86-15
46340_ruby_24806/faraday_no_den.txt,16,4,「廴＋囘」、第4水準2-12-11
46340_ruby_24806/faraday_no_den.txt,86,153,「火＋欣」、第3水準1-87-48
46340_ruby_24806/faraday_no_den.txt,201,9,「火＋稲のつくり」、第4水準2-79-87
46340_ruby_24806/faraday_no_den.txt,202,13,「火＋稲のつくり」、第4水準2-79-87
46340_ruby_24806/faraday_no_den.txt,237,75,「女＋（「第−竹」の「コ」に代えて「ノ」）、「姉」の正字」、U+59CA、65-6
46340_ruby_24806/faraday_no_den.txt,618,180,「插」でつくりの縦棒が下に突き抜けている、第4水準2-13-28
46340_ruby_24806/faraday_no_den.txt,878,139,小書き片仮名ル、1-6-92
46340_ruby_24806/faraday_no_den.txt,878,165,小書き片仮名ル、1-6-92
46340_ruby_24806/faraday_no_den.txt,956,19,ローマ数字4、1-13-24
46340_ruby_24806/faraday_no_den.txt,1087,2,小書き片仮名ル、1-6-92
3818_ruby_27217/shishu.txt,15,4,「均のつくり」、第3水準1-14-75
3818_ruby_27217/shishu.txt,30,135,「均のつくり」、第3水準1-14-75
49328_ruby_33094/okubo_koshu.txt,15,4,「言＋墟のつくり」、第3水準2-88-74
49328_ruby_33094/okubo_koshu.txt,67,356,「言＋墟のつくり」、第3水準2-88-74
49328_ruby_33094/okubo_koshu.txt,76,182,「魚＋更」、第3水準1-94-42
32_ruby_615/daidoji_shinsuke.txt,16,4,「りっしんべん＋淌のつくり」、第3水準1-84-54
32_ruby_615/daidoji_shinsuke.txt,73,381,「りっしんべん＋淌のつくり」、第3水準1-84-54
32_ruby_615/daidoji_shinsuke.txt,73,411,「りっしんべん＋兄」、第3水準1-84-45
1138_ruby_6111/ahen.txt,15,5,「木＋越」、第3水準1-86-11
1138_ruby_6111/ahen.txt,23,42,「木＋越」、第3水準1-86-11
1138_ruby_6111/ahen.txt,28,276,「てへん＋邑」、第3水準1-84-78
161_ruby_777/shuchu.txt,15,4,「白／十」、第3水準1-88-64
161_ruby_777/shuchu.txt,26,89,「白／十」、第3水準1-88-64
161_ruby_777/shuchu.txt,34,156,「Ｙ」に似た字、第4水準2-1-6
161_ruby_777/shuchu.txt,40,23,「Ｙ」に似た字、第4水準2-1-6
161_ruby_777/shuchu.txt,69,182,「目＋匡」、第3水準1-88-81
161_ruby_777/shuchu.txt,80,189,「髟／丐」、第4水準2-93-21
161_ruby_777/shuchu.txt,80,227,「需＋頁」、第3水準1-94-6
55_ruby_1843/imogayu.txt,15,4,「火＋喋のつくり」、第3水準1-87-56
55_ruby_1843/imogayu.txt,34,181,「火＋喋のつくり」、第3水準1-87-56
55_ruby_1843/imogayu.txt,67,64,「白＋樂」、第3水準1-88-69
55_ruby_1843/imogayu.txt,74,65,「竹かんむり／（金＋碌のつくり）」、第3水準1-89-79
55_ruby_1843/imogayu.txt,89,120,「さんずい＋猗」、第3水準1-87-6
3765_ruby_27259/masaokashiki.txt,15,4,「言＋墟のつくり」、第4水準2-88-74
3765_ruby_27259/masaokashiki.txt,25,162,「言＋墟のつくり」、第4水準2-88-74
3765_ruby_27259/masaokashiki.txt,25,208,「言＋墟のつくり」、第4水準2-88-74
3765_ruby_27259/masaokashiki.txt,25,501,「言＋墟のつくり」、第4水準2-88-74
56014_ruby_68219/kiso_dochuki.txt,15,4,「廴＋囘」、第4水準2-12-11
56014_ruby_68219/kiso_dochuki.txt,24,737,「廴＋囘」、第4水準2-12-11
56014_ruby_68219/kiso_dochuki.txt,28,169,「さんずい＋氣」、第4水準2-79-6
56014_ruby_68219/kiso_dochuki.txt,28,251,「さんずい＋氣」、第4水準2-79-6
56014_ruby_68219/kiso_dochuki.txt,28,292,「さんずい＋氣」、第4水準2-79-6
56014_ruby_68219/kiso_dochuki.txt,28,379,「さんずい＋氣」、第4水準2-79-6
56014_ruby_68219/kiso_dochuki.txt,30,35,「さんずい＋氣」、第4水準2-79-6
56014_ruby_68219/kiso_dochuki.txt,30,299,「さんずい＋氣」、第4水準2-79-6
56014_ruby_68219/kiso_dochuki.txt,42,45,「さんずい＋氣」、第4水準2-79-6
56014_ruby_68219/kiso_dochuki.txt,42,335,「さんずい＋氣」、第4水準2-79-6
56014_ruby_68219/kiso_dochuki.txt,42,371,「廴＋囘」、第4水準2-12-11
56014_ruby_68219/kiso_dochuki.txt,44,436,「廴＋囘」、第4水準2-12-11
56014_ruby_68219/kiso_dochuki.txt,54,435,「士／冖／一／几」、第4水準2-5-22
56014_ruby_68219/kiso_dochuki.txt,68,468,「廴＋囘」、第4水準2-12-11
56014_ruby_68219/kiso_dochuki.txt,68,711,「插」でつくりの縦棒が下に突き抜けている、第4水準2-13-28
56014_ruby_68219/kiso_dochuki.txt,72,652,「てへん＋丙」、第4水準2-13-2
56014_ruby_68219/kiso_dochuki.txt,72,843,「廴＋囘」、第4水準2-12-11
56014_ruby_68219/kiso_dochuki.txt,84,471,「酉＋斗」、第4水準2-90-33
56014_ruby_68219/kiso_dochuki.txt,88,337,「廴＋囘」、第4水準2-12-11
56014_ruby_68219/kiso_dochuki.txt,88,619,「士／冖／一／几」、第4水準2-5-22
56014_ruby_68219/kiso_dochuki.txt,92,1000,「酉＋咸」、第4水準2-90-39
56014_ruby_68219/kiso_dochuki.txt,92,1089,「冫＋咸」、U+51CF、17-上-27
56014_ruby_68219/kiso_dochuki.txt,96,609,「廴＋囘」、第4水準2-12-11
56014_ruby_68219/kiso_dochuki.txt,103,814,「冫＋咸」、U+51CF、18-下-22
56014_ruby_68219/kiso_dochuki.txt,107,741,「倏」の「犬」に代えて「火」、第4水準2-1-57
56014_ruby_68219/kiso_dochuki.txt,107,1023,「廴＋囘」、第4水準2-12-11
56014_ruby_68219/kiso_dochuki.txt,118,1548,「りっしんべん＋蜈のつくり」、第3水準1-84-50
56014_ruby_68219/kiso_dochuki.txt,133,594,「廴＋囘」、第4水準2-12-11
56014_ruby_68219/kiso_dochuki.txt,133,966,「插」でつくりの縦棒が下に突き抜けている、第4水準2-13-28
56014_ruby_68219/kiso_dochuki.txt,137,1129,「廴＋囘」、第4水準2-12-11
56014_ruby_68219/kiso_dochuki.txt,139,66,「さんずい＋氣」、第4水準2-79-6
56014_ruby_68219/kiso_dochuki.txt,139,135,「さんずい＋氣」、第4水準2-79-6
56014_ruby_68219/kiso_dochuki.txt,150,72,「てへん＋丙」、第4水準2-13-2
143_ruby_833/sennin.txt,15,4,「口＋桑」、42-13
143_ruby_833/sennin.txt,22,325,「口＋桑」、42-13
143_ruby_833/sennin.txt,30,163,「けものへん＋爭」、第4水準2-80-40
143_ruby_833/sennin.txt,47,80,「目＋登」、第3水準1-88-91
67_ruby_967/kaikano_otto.txt,15,4,「均のつくり」、第3水準1-14-75
67_ruby_967/kaikano_otto.txt,39,620,「均のつくり」、第3水準1-14-75
67_ruby_967/kaikano_otto.txt,40,1750,「勹＜夕」、第3水準1-14-76
67_ruby_967/kaikano_otto.txt,41,42,「均のつくり」、第3水準1-14-75
67_ruby_967/kaikano_otto.txt,41,86,「均のつくり」、第3水準1-14-75
3744_ruby_27272/zoku_yajinseikeino_koto.txt,15,4,「勹＜夕」、第3水準1-14-76
3744_ruby_27272/zoku_yajinseikeino_koto.txt,24,375,「勹＜夕」、第3水準1-14-76
3744_ruby_27272/zoku_yajinseikeino_koto.txt,24,396,「勹＜夕」、第3水準1-14-76
3744_ruby_27272/zoku_yajinseikeino_koto.txt,76,88,「言＋墟のつくり」、第4水準2-88-74
3744_ruby_27272/zoku_yajinseikeino_koto.txt,76,156,「言＋墟のつくり」、第4水準2-88-74
3744_ruby_27272/zoku_yajinseikeino_koto.txt,143,41,「言＋墟のつくり」、第4水準2-88-74
3744_ruby_27272/zoku_yajinseikeino_koto.txt,157,425,「木＋厥」、第3水準1-86-15
1141_ruby_5097/tsuioku.txt,15,5,「皙」の「白」に代えて「日」、第3水準1-85-31
1141_ruby_5097/tsuioku.txt,138,67,「皙」の「白」に代えて「日」、第3水準1-85-31
1141_ruby_5097/tsuioku.txt,231,36,「蚌のつくり」、第3水準1-14-6
16_ruby_344/aki.txt,15,4,「勹＜夕」、第3水準1-14-76
16_ruby_344/aki.txt,52,77,「勹＜夕」、第3水準1-14-76
16_ruby_344/aki.txt,71,20,「勹＜夕」、第3水準1-14-76
16_ruby_344/aki.txt,75,8,「目＋匡」、第3水準1-88-81
46227_ruby_26534/bungeikansho_koza.txt,15,4,「口＋卒」、第3水準1-15-7
46227_ruby_26534/bungeikansho_koza.txt,28,322,「口＋卒」、第3水準1-15-7
46227_ruby_26534/bungeikansho_koza.txt,37,402,「王＋贊」、第3水準1-88-37
46227_ruby_26534/bungeikansho_koza.txt,37,448,「門＜必」、第3水準1-93-47
46227_ruby_26534/bungeikansho_koza.txt,40,112,「くさかんむり／市」、第3水準1-90-69
106_ruby_889/negi.txt,15,4,「均のつくり」、第3水準1-14-75
106_ruby_889/negi.txt,33,801,「均のつくり」、第3水準1-14-75
106_ruby_889/negi.txt,36,228,「均のつくり」、第3水準1-14-75
106_ruby_889/negi.txt,52,373,「均のつくり」、第3水準1-14-75
171_ruby_1273/hitokureno_tsuchi.txt,15,4,「言＋虚」、第4水準2-88-74
171_ruby_1273/hitokureno_tsuchi.txt,98,9,「言＋虚」、第4水準2-88-74
171_ruby_1273/hitokureno_tsuchi.txt,99,33,「言＋虚」、第4水準2-88-74
171_ruby_1273/hitokureno_tsuchi.txt,100,5,「言＋虚」、第4水準2-88-74
171_ruby_1273/hitokureno_tsuchi.txt,100,30,「言＋虚」、第4水準2-88-74
43016_ruby_16663/torokko.txt,15,4,「均のつくり」、第3水準1-14-75
43016_ruby_16663/torokko.txt,42,95,「均のつくり」、第3水準1-14-75
43016_ruby_16663/torokko.txt,46,185,「均のつくり」、第3水準1-14-75
122_ruby_172/aruhino_oishi_kuranosuke.txt,15,4,「白＋轢のつくり」、第3水準1-88-69
122_ruby_172/aruhino_oishi_kuranosuke.txt,91,88,「白＋轢のつくり」、第3水準1-88-69
3762_ruby_27273/taisho_juninen.txt,15,4,「言＋墟のつくり」、第4水準2-88-74
3762_ruby_27273/taisho_juninen.txt,50,139,「言＋墟のつくり」、第4水準2-88-74
3762_ruby_27273/taisho_juninen.txt,50,202,「言＋墟のつくり」、第4水準2-88-74
3762_ruby_27273/taisho_juninen.txt,50,307,「言＋墟のつくり」、第4水準2-88-74
3762_ruby_27273/taisho_juninen.txt,50,361,「言＋墟のつくり」、第4水準2-88-74
3762_ruby_27273/taisho_juninen.txt,100,82,「勹＜夕」、第3水準1-14-76
95_ruby_885/majutsu.txt,15,4,「均のつくり」、第3水準1-14-75
95_ruby_885/majutsu.txt,34,30,「均のつくり」、第3水準1-14-75
95_ruby_885/majutsu.txt,36,207,「均のつくり」、第3水準1-14-75
72_ruby_362/karenosho.txt,15,4,「火＋主」、第3水準1-87-40
72_ruby_362/karenosho.txt,26,211,「火＋主」、第3水準1-87-40
72_ruby_362/karenosho.txt,36,603,「足へん＋諮のつくり」、第4水準2-89-41
72_ruby_362/karenosho.txt,36,630,「足へん＋阻のつくり」、第4水準2-89-28
72_ruby_362/karenosho.txt,37,74,「糸＋廣」、第3水準1-90-23
124_ruby_952/oritsuto_korato.txt,15,4,「勹＜夕」、第3水準1-14-76
124_ruby_952/oritsuto_korato.txt,79,42,「勹＜夕」、第3水準1-14-76
124_ruby_952/oritsuto_korato.txt,116,79,「目＋匡」、第3水準1-88-81
124_ruby_952/oritsuto_korato.txt,266,12,「均のつくり」、第3水準1-14-75
124_ruby_952/oritsuto_korato.txt,280,7,「てへん＋丑」、第4水準2-12-93
124_ruby_952/oritsuto_korato.txt,350,54,「目＋匡」、第3水準1-88-81
124_ruby_952/oritsuto_korato.txt,374,32,「均のつくり」、第3水準1-14-75
124_ruby_952/oritsuto_korato.txt,442,7,「目＋匡」、第3水準1-88-81
124_ruby_952/oritsuto_korato.txt,455,7,「目＋匡」、第3水準1-88-81
124_ruby_952/oritsuto_korato.txt,455,176,「均のつくり」、第3水準1-14-75
3739_ruby_27215/zappitsu.txt,15,4,「均のつくり」、第3水準1-14-75
3739_ruby_27215/zappitsu.txt,119,138,「均のつくり」、第3水準1-14-75
3739_ruby_27215/zappitsu.txt,119,177,「均のつくり」、第3水準1-14-75
46672_ruby_34129/daidojishinsukeno_hansei.txt,16,4,「りっしんべん＋淌のつくり」、第3水準1-84-54
46672_ruby_34129/daidojishinsukeno_hansei.txt,70,342,「りっしんべん＋淌のつくり」、第3水準1-84-54
46672_ruby_34129/daidojishinsukeno_hansei.txt,70,372,「りっしんべん＋兄」、第3水準1-84-45
3790_ruby_27261/mata_issetsu2.txt,12,4,「言＋墟のつくり」、第4水準2-88-74
3790_ruby_27261/mata_issetsu2.txt,15,390,「言＋墟のつくり」、第4水準2-88-74
146_ruby_1435/shigo.txt,15,4,「言＋虚」、第4水準2-88-74
146_ruby_1435/shigo.txt,55,43,「言＋虚」、第4水準2-88-74
118_ruby_1281/oitaru_susanoo.txt,15,6,「靈」の「巫」に代えて「女」、第3水準1-47-53
118_ruby_1281/oitaru_susanoo.txt,224,35,「靈」の「巫」に代えて「女」、第3水準1-47-53
18_ruby_268/anchu_mondo.txt,15,4,「言＋墟のつくり」、第4水準2-88-74
18_ruby_268/anchu_mondo.txt,47,6,「言＋墟のつくり」、第4水準2-88-74
18_ruby_268/anchu_mondo.txt,47,42,「言＋墟のつくり」、第4水準2-88-74
18_ruby_268/anchu_mondo.txt,63,6,「言＋墟のつくり」、第4水準2-88-74
18_ruby_268/anchu_mondo.txt,85,3,「言＋墟のつくり」、第4水準2-88-74
18_ruby_268/anchu_mondo.txt,135,3,「言＋墟のつくり」、第4水準2-88-74
18_ruby_268/anchu_mondo.txt,137,6,「言＋墟のつくり」、第4水準2-88-74
46514_ruby_25558/takuhonno_hanashi.txt,12,4,二の字点、1-2-22
46514_ruby_25558/takuhonno_hanashi.txt,19,555,二の字点、1-2-22
46514_ruby_25558/takuhonno_hanashi.txt,21,94,「木＋察」、第4水準2-15-66
46514_ruby_25558/takuhonno_hanashi.txt,24,519,「廴＋囘」、第4水準2-12-11
153_ruby_2349/susanono_mikoto.txt,15,4,「鈞のつくり」、第3水準1-14-75
153_ruby_2349/susanono_mikoto.txt,74,266,「鈞のつくり」、第3水準1-14-75
153_ruby_2349/susanono_mikoto.txt,107,139,「鈞のつくり」、第3水準1-14-75
153_ruby_2349/susanono_mikoto.txt,163,52,「鈞のつくり」、第3水準1-14-75
153_ruby_2349/susanono_mikoto.txt,207,41,「てへん＋毟」、第4水準2-78-12
153_ruby_2349/susanono_mikoto.txt,213,5,「てへん＋毟」、第4水準2-78-12
153_ruby_2349/susanono_mikoto.txt,240,52,「王＋干」、第3水準1-87-83
153_ruby_2349/susanono_mikoto.txt,241,8,「王＋干」、第3水準1-87-83
153_ruby_2349/susanono_mikoto.txt,242,26,「王＋干」、第3水準1-87-83
153_ruby_2349/susanono_mikoto.txt,251,19,「王＋干」、第3水準1-87-83
153_ruby_2349/susanono_mikoto.txt,274,39,「王＋干」、第3水準1-87-83
153_ruby_2349/susanono_mikoto.txt,313,173,「鈞のつくり」、第3水準1-14-75
153_ruby_2349/susanono_mikoto.txt,314,309,「王＋干」、第3水準1-87-83
153_ruby_2349/susanono_mikoto.txt,327,89,「てへん＋丑」、第4水準2-12-93
153_ruby_2349/susanono_mikoto.txt,340,33,「鈞のつくり」、第3水準1-14-75
153_ruby_2349/susanono_mikoto.txt,354,21,「王＋干」、第3水準1-87-83
153_ruby_2349/susanono_mikoto.txt,356,82,「王＋干」、第3水準1-87-83
153_ruby_2349/susanono_mikoto.txt,379,100,「鈞のつくり」、第3水準1-14-75
153_ruby_2349/susanono_mikoto.txt,410,266,「てへん＋丑」、第4水準2-12-93
153_ruby_2349/susanono_mikoto.txt,418,117,「鈞のつくり」、第3水準1-14-75
153_ruby_2349/susanono_mikoto.txt,462,131,「鈞のつくり」、第3水準1-14-75
153_ruby_2349/susanono_mikoto.txt,462,167,「鈞のつくり」、第3水準1-14-75
153_ruby_2349/susanono_mikoto.txt,466,104,「山／贊」、第4水準2-8-72
153_ruby_2349/susanono_mikoto.txt,466,124,「山＋元」、第3水準1-47-69
153_ruby_2349/susanono_mikoto.txt,467,105,「鈞のつくり」、第3水準1-14-75
153_ruby_2349/susanono_mikoto.txt,476,104,「鈞のつくり」、第3水準1-14-75
153_ruby_2349/susanono_mikoto.txt,478,291,「鈞のつくり」、第3水準1-14-75
153_ruby_2349/susanono_mikoto.txt,480,107,「鈞のつくり」、第3水準1-14-75
153_ruby_2349/susanono_mikoto.txt,528,80,「鈞のつくり」、第3水準1-14-75
153_ruby_2349/susanono_mikoto.txt,540,40,「鈞のつくり」、第3水準1-14-75
153_ruby_2349/susanono_mikoto.txt,553,35,「王＋干」、第3水準1-87-83
153_ruby_2349/susanono_mikoto.txt,579,59,「石＋（くさかんむり／溥）」、第3水準1-89-18
51216_ruby_55977/chokoyuki.txt,15,4,「りっしんべん＋淌のつくり」、第3水準1-84-54
51216_ruby_55977/chokoyuki.txt,33,322,「りっしんべん＋淌のつくり」、第3水準1-84-54
51216_ruby_55977/chokoyuki.txt,33,352,「りっしんべん＋兄」、第3水準1-84-45
51216_ruby_55977/chokoyuki.txt,43,14,「金＋肅」、第3水準1-93-39
2368_ruby_1402/bokuwa.txt,15,4,「言＋墟のつくり」、第4水準2-88-74
2368_ruby_1402/bokuwa.txt,36,39,「言＋墟のつくり」、第4水準2-88-74
2368_ruby_1402/bokuwa.txt,46,43,「言＋墟のつくり」、第4水準2-88-74
3816_ruby_27214/sagito_oshidori.txt,15,4,「均のつくり」、第3水準1-14-75
3816_ruby_27214/sagito_oshidori.txt,22,122,「均のつくり」、第3水準1-14-75
52214_ruby_46177/hyakumannin.txt,15,4,「さんずい＋（壥−土へん−厂）」、第3水準1-87-25
52214_ruby_46177/hyakumannin.txt,29,450,「さんずい＋（壥−土へん−厂）」、第3水準1-87-25
51865_ruby_39683/gunkan_kongo_kokaiki.txt,12,4,「廴＋囘」、第4水準2-12-11
51865_ruby_39683/gunkan_kongo_kokaiki.txt,25,322,「廴＋囘」、第4水準2-12-11
55721_ruby_50615/honjo_ryogoku_shinjishinkana.txt,15,4,「さんずい＋元」、第3水準1-86-54
55721_ruby_50615/honjo_ryogoku_shinjishinkana.txt,67,199,「さんずい＋元」、第3水準1-86-54
55721_ruby_50615/honjo_ryogoku_shinjishinkana.txt,67,261,「さんずい＋元」、第3水準1-86-54
55721_ruby_50615/honjo_ryogoku_shinjishinkana.txt,74,204,「飮のへん＋稻のつくり」、第4水準2-92-68
69_ruby_1321/kappa.txt,16,4,「言＋墟のつくり」、第4水準2-88-74
69_ruby_1321/kappa.txt,60,14,感嘆符三つ、63-8
69_ruby_1321/kappa.txt,61,11,感嘆符三つ、63-9
69_ruby_1321/kappa.txt,63,16,感嘆符三つ、63-11
69_ruby_1321/kappa.txt,142,35,「言＋墟のつくり」、第4水準2-88-74
69_ruby_1321/kappa.txt,142,69,「言＋墟のつくり」、第4水準2-88-74
69_ruby_1321/kappa.txt,142,141,「言＋墟のつくり」、第4水準2-88-74
69_ruby_1321/kappa.txt,390,153,「言＋墟のつくり」、第4水準2-88-74
3740_ruby_27231/tenshin.txt,15,4,「りっしんべん＋淌のつくり」、第3水準1-84-54
3740_ruby_27231/tenshin.txt,41,597,「りっしんべん＋淌のつくり」、第3水準1-84-54
3740_ruby_27231/tenshin.txt,41,627,「りっしんべん＋兄」、第3水準1-84-45
3740_ruby_27231/tenshin.txt,41,704,「りっしんべん＋淌のつくり」、第3水準1-84-54
3740_ruby_27231/tenshin.txt,41,734,「りっしんべん＋兄」、第3水準1-84-45
3740_ruby_27231/tenshin.txt,63,314,「厥＋りっとう」、第4水準2-3-30
138_ruby_1180/san'emonno_tsumi.txt,15,4,「隼＋鳥」、第4水準2-94-33
138_ruby_1180/san'emonno_tsumi.txt,20,261,「隼＋鳥」、第4水準2-94-33
138_ruby_1180/san'emonno_tsumi.txt,20,291,「敬／手」、第3水準1-84-92
138_ruby_1180/san'emonno_tsumi.txt,80,433,「金＋凌のつくり」、第4水準2-91-5
3797_ruby_27211/koengunki.txt,15,6,「弓＋享」、第3水準1-84-22
3797_ruby_27211/koengunki.txt,18,20,「弓＋享」、第3水準1-84-22
167_ruby_588/tenkibo.txt,15,4,「目＋匡」、第3水準1-88-81
167_ruby_588/tenkibo.txt,54,190,「目＋匡」、第3水準1-88-81
2328_ruby_1529/kugenuma_zakki.txt,15,4,「奚＋隹」、第3水準1-93-66
2328_ruby_1529/kugenuma_zakki.txt,34,85,「奚＋隹」、第3水準1-93-66
3760_ruby_27244/papaohan.txt,15,7,「王＋幾」、第3水準1-88-28
3760_ruby_27244/papaohan.txt,20,180,「王＋幾」、第3水準1-88-28
3760_ruby_27244/papaohan.txt,20,236,「王＋幾」、第3水準1-88-28
3760_ruby_27244/papaohan.txt,20,303,「石＋昔」、186-上-10
3760_ruby_27244/papaohan.txt,20,388,「にんべん＋牟」、第3水準1-14-22
3760_ruby_27244/papaohan.txt,29,12,「王＋牙」、187-下-3
3760_ruby_27244/papaohan.txt,40,347,「龍／共」、第3水準1-94-87
3760_ruby_27244/papaohan.txt,40,531,「龍／共」、第3水準1-94-87
68_ruby_936/kamigamino_bisho.txt,15,4,「靈」の「巫」に代えて「女」、第3水準1-47-53
68_ruby_936/kamigamino_bisho.txt,48,4,「靈」の「巫」に代えて「女」、第3水準1-47-53
68_ruby_936/kamigamino_bisho.txt,48,48,「靈」の「巫」に代えて「女」、第3水準1-47-53
68_ruby_936/kamigamino_bisho.txt,48,83,「靈」の「巫」に代えて「女」、第3水準1-47-53
68_ruby_936/kamigamino_bisho.txt,54,4,「靈」の「巫」に代えて「女」、第3水準1-47-53
68_ruby_936/kamigamino_bisho.txt,54,39,「靈」の「巫」に代えて「女」、第3水準1-47-53
68_ruby_936/kamigamino_bisho.txt,54,74,「靈」の「巫」に代えて「女」、第3水準1-47-53
68_ruby_936/kamigamino_bisho.txt,86,932,「ころもへん＋楮のつくり」、第3水準1-91-82
68_ruby_936/kamigamino_bisho.txt,90,100,「靈」の「巫」に代えて「女」、第3水準1-47-53
68_ruby_936/kamigamino_bisho.txt,90,174,「靈」の「巫」に代えて「女」、第3水準1-47-53
68_ruby_936/kamigamino_bisho.txt,90,246,「靈」の「巫」に代えて「女」、第3水準1-47-53
68_ruby_936/kamigamino_bisho.txt,90,365,「靈」の「巫」に代えて「女」、第3水準1-47-53
68_ruby_936/kamigamino_bisho.txt,111,93,「靈」の「巫」に代えて「女」、第3水準1-47-53
145_ruby_1288/nijunengono_senso.txt,12,5,二の字点、1-2-22
145_ruby_1288/nijunengono_senso.txt,29,102,二の字点、1-2-22
145_ruby_1288/nijunengono_senso.txt,71,208,ローマ数字2、1-13-22
3810_ruby_27233/dobutsuen.txt,15,4,「均のつくり」、第3水準1-14-75
3810_ruby_27233/dobutsuen.txt,80,17,「均のつくり」、第3水準1-14-75
3810_ruby_27233/dobutsuen.txt,125,121,「やまいだれ＋區」、第4水準2-81-70
3810_ruby_27233/dobutsuen.txt,145,22,「均のつくり」、第3水準1-14-75
3808_ruby_27238/numa.txt,15,4,「均のつくり」、第3水準1-14-75
3808_ruby_27238/numa.txt,21,60,「均のつくり」、第3水準1-14-75
3808_ruby_27238/numa.txt,21,95,「均のつくり」、第3水準1-14-75
3808_ruby_27238/numa.txt,23,142,「均のつくり」、第3水準1-14-75
3808_ruby_27238/numa.txt,23,168,「均のつくり」、第3水準1-14-75
3808_ruby_27238/numa.txt,23,225,「均のつくり」、第3水準1-14-75
3808_ruby_27238/numa.txt,28,285,「均のつくり」、第3水準1-14-75
3808_ruby_27238/numa.txt,28,317,「白＋樂」、第3水準1-88-69
172_ruby_1225/chogyuno_koto.txt,15,4,「りっしんべん＋淌のつくり」、第3水準1-84-54
172_ruby_1225/chogyuno_koto.txt,26,639,「りっしんべん＋淌のつくり」、第3水準1-84-54
172_ruby_1225/chogyuno_koto.txt,26,669,「りっしんべん＋兄」、第3水準1-84-45
3828_ruby_28510/mittsuno_yubiwa.txt,15,4,ローマ数字1、1-13-21
3828_ruby_28510/mittsuno_yubiwa.txt,18,1,ローマ数字1、1-13-21
3828_ruby_28510/mittsuno_yubiwa.txt,26,1,ローマ数字2、1-13-22
3828_ruby_28510/mittsuno_yubiwa.txt,33,1,ローマ数字3、1-13-23
149_ruby_1581/shiro.txt,15,4,「月＋咢」、第3水準1-90-51
149_ruby_1581/shiro.txt,103,28,「月＋咢」、第3水準1-90-51
3776_ruby_27235/nipponno_onna.txt,15,4,「插」でつくりの縦棒が下に突き抜けている、第4水準2-13-28
3776_ruby_27235/nipponno_onna.txt,21,76,「插」でつくりの縦棒が下に突き抜けている、第4水準2-13-28
3776_ruby_27235/nipponno_onna.txt,39,44,「插」でつくりの縦棒が下に突き抜けている、第4水準2-13-28
3776_ruby_27235/nipponno_onna.txt,39,106,「くさかんむり／惠」、第3水準1-91-24
43751_ruby_27860/shujuno_kotoba.txt,15,6,「弓＋享」、第3水準1-84-22
43751_ruby_27860/shujuno_kotoba.txt,522,215,「弓＋享」、第3水準1-84-22
173_ruby_837/chugi.txt,15,4,「勹＜夕」、第3水準1-14-76
173_ruby_837/chugi.txt,67,125,「勹＜夕」、第3水準1-14-76
99_ruby_1191/mizuno_mikka.txt,15,4,「勹＜夕」、第3水準1-14-76
99_ruby_1191/mizuno_mikka.txt,23,137,「糸」＋褞のつくり」、第3水準1-90-18
178_ruby_2210/akutagawa_ryunosuke_kashu.txt,15,4,「さんずい＋自」、第3水準1-86-66
178_ruby_2210/akutagawa_ryunosuke_kashu.txt,67,22,「さんずい＋自」、第3水準1-86-66
178_ruby_2210/akutagawa_ryunosuke_kashu.txt,113,6,「目＋匡」、第3水準1-88-81
178_ruby_2210/akutagawa_ryunosuke_kashu.txt,135,8,ローマ数字VIII、1-13-28
178_ruby_2210/akutagawa_ryunosuke_kashu.txt,135,30,ローマ数字XI、1-13-31
178_ruby_2210/akutagawa_ryunosuke_kashu.txt,135,50,ローマ数字X、1-13-30
178_ruby_2210/akutagawa_ryunosuke_kashu.txt,135,68,ローマ数字IV、1-13-24
178_ruby_2210/akutagawa_ryunosuke_kashu.txt,165,8,ローマ数字IX、1-13-29
178_ruby_2210/akutagawa_ryunosuke_kashu.txt,165,28,ローマ数字X、1-13-30
178_ruby_2210/akutagawa_ryunosuke_kashu.txt,165,46,ローマ数字V、1-13-25
178_ruby_2210/akutagawa_ryunosuke_kashu.txt,165,65,ローマ数字X、1-13-30
178_ruby_2210/akutagawa_ryunosuke_kashu.txt,165,83,ローマ数字IV、1-13-24
119_ruby_1007/ojigi.txt,15,4,「魚＋更」、第3水準1-94-42
119_ruby_1007/ojigi.txt,28,194,「魚＋更」、第3水準1-94-42
92_ruby_164/kumono_ito.txt,15,4,「特のへん＋廴＋聿」、第3水準1-87-71
92_ruby_164/kumono_ito.txt,22,13,「特のへん＋廴＋聿」、第3水準1-87-71
92_ruby_164/kumono_ito.txt,22,90,「特のへん＋廴＋聿」、第3水準1-87-71
92_ruby_164/kumono_ito.txt,22,249,「特のへん＋廴＋聿」、第3水準1-87-71
92_ruby_164/kumono_ito.txt,23,24,「特のへん＋廴＋聿」、第3水準1-87-71
92_ruby_164/kumono_ito.txt,27,39,「特のへん＋廴＋聿」、第3水準1-87-71
92_ruby_164/kumono_ito.txt,27,318,「特のへん＋廴＋聿」、第3水準1-87-71
92_ruby_164/kumono_ito.txt,28,27,「特のへん＋廴＋聿」、第3水準1-87-71
92_ruby_164/kumono_ito.txt,28,165,「特のへん＋廴＋聿」、第3水準1-87-71
92_ruby_164/kumono_ito.txt,29,11,「特のへん＋廴＋聿」、第3水準1-87-71
92_ruby_164/kumono_ito.txt,30,77,「特のへん＋廴＋聿」、第3水準1-87-71
92_ruby_164/kumono_ito.txt,31,136,「特のへん＋廴＋聿」、第3水準1-87-71
92_ruby_164/kumono_ito.txt,31,318,「特のへん＋廴＋聿」、第3水準1-87-71
92_ruby_164/kumono_ito.txt,32,5,「特のへん＋廴＋聿」、第3水準1-87-71
92_ruby_164/kumono_ito.txt,33,31,「特のへん＋廴＋聿」、第3水準1-87-71
92_ruby_164/kumono_ito.txt,33,93,「特のへん＋廴＋聿」、第3水準1-87-71
92_ruby_164/kumono_ito.txt,38,67,「特のへん＋廴＋聿」、第3水準1-87-71
92_ruby_164/kumono_ito.txt,38,174,「特のへん＋廴＋聿」、第3水準1-87-71
36_ruby_627/genkaku_sanbo.txt,15,4,「言＋墟のつくり」、第4水準2-88-74
36_ruby_627/genkaku_sanbo.txt,43,216,「言＋墟のつくり」、第4水準2-88-74
36_ruby_627/genkaku_sanbo.txt,43,257,「言＋墟のつくり」、第4水準2-88-74
36_ruby_627/genkaku_sanbo.txt,43,329,「言＋墟のつくり」、第4水準2-88-74
36_ruby_627/genkaku_sanbo.txt,129,53,「言＋墟のつくり」、第4水準2-88-74
36_ruby_627/genkaku_sanbo.txt,129,109,「言＋墟のつくり」、第4水準2-88-74
3745_ruby_27230/chokodozakki.txt,15,4,「勹＜夕」、第3水準1-14-76
3745_ruby_27230/chokodozakki.txt,130,21,「勹＜夕」、第3水準1-14-76
3745_ruby_27230/chokodozakki.txt,170,67,「言＋墟のつくり」、第4水準2-88-74
3745_ruby_27230/chokodozakki.txt,171,204,「厂＋萬」、第3水準1-14-84
3745_ruby_27230/chokodozakki.txt,214,220,「言＋墟のつくり」、第4水準2-88-74
3745_ruby_27230/chokodozakki.txt,232,303,「二点しんにょう＋貌」、第3水準1-92-58
3745_ruby_27230/chokodozakki.txt,242,4,「言＋墟のつくり」、第4水準2-88-74
3745_ruby_27230/chokodozakki.txt,242,50,「言＋墟のつくり」、第4水準2-88-74
